[ { "id": 1, "title": "The Shawshank Redemption", "director": "Frank Darabont", "year": 1994, "rating": 9.3 }, { "id": 2, "title": "The Godfather", "director": "Francis Ford Coppola", "year": 1972, "rating": 9.2 }, { "id": 3, "title": "The Dark Knight", "director": "Christopher Nolan", "year": 2008, "rating": 9.0 }, { "id": 4, "title": "Pulp Fiction", "director": "Quentin Tarantino", "year": 1994, "rating": 8.9 }, { "id": 5, "title": "Forrest Gump", "director": "Robert Zemeckis", "year": 1994, "rating": 8.8 }, { "id": 6, "title": "Inception", "director": "Christopher Nolan", "year": 2010, "rating": 8.8 }, { "id": 7, "title": "Fight Club", "director": "David Fincher", "year": 1999, "rating": 8.8 }, { "id": 8, "title": "The Matrix", "director": "The Wachowskis", "year": 1999, "rating": 8.7 }, { "id": 9, "title": "Goodfellas", "director": "Martin Scorsese", "year": 1990, "rating": 8.7 }, { "id": 10, "title": "Se7en", "director": "David Fincher", "year": 1995, "rating": 8.6 }, { "id": 11, "title": "Interstellar", "director": "Christopher Nolan", "year": 2014, "rating": 8.6 }, { "id": 12, "title": "Parasite", "director": "Bong Joon-ho", "year": 2019, "rating": 8.6 }, { "id": 13, "title": "The Green Mile", "director": "Frank Darabont", "year": 1999, "rating": 8.6 }, { "id": 14, "title": "Gladiator", "director": "Ridley Scott", "year": 2000, "rating": 8.5 }, { "id": 15, "title": "The Lion King", "director": "Roger Allers", "year": 1994, "rating": 8.5 }, { "id": 16, "title": "Whiplash", "director": "Damien Chazelle", "year": 2014, "rating": 8.5 }, { "id": 17, "title": "The Departed", "director": "Martin Scorsese", "year": 2006, "rating": 8.5 }, { "id": 18, "title": "The Prestige", "director": "Christopher Nolan", "year": 2006, "rating": 8.5 }, { "id": 19, "title": "Memento", "director": "Christopher Nolan", "year": 2000, "rating": 8.4 }, { "id": 20, "title": "Alien", "director": "Ridley Scott", "year": 1979, "rating": 8.4 }, { "id": 21, "title": "Apocalypse Now", "director": "Francis Ford Coppola", "year": 1979, "rating": 8.4 }, { "id": 22, "title": "The Shining", "director": "Stanley Kubrick", "year": 1980, "rating": 8.4 }, { "id": 23, "title": "Joker", "director": "Todd Phillips", "year": 2019, "rating": 8.4 }, { "id": 24, "title": "Avengers: Endgame", "director": "Anthony Russo", "year": 2019, "rating": 8.4 }, { "id": 25, "title": "Toy Story", "director": "John Lasseter", "year": 1995, "rating": 8.3 }, { "id": 26, "title": "Braveheart", "director": "Mel Gibson", "year": 1995, "rating": 8.3 }, { "id": 27, "title": "Amélie", "director": "Jean-Pierre Jeunet", "year": 2001, "rating": 8.3 }, { "id": 28, "title": "A Clockwork Orange", "director": "Stanley Kubrick", "year": 1971, "rating": 8.3 }, { "id": 29, "title": "Taxi Driver", "director": "Martin Scorsese", "year": 1976, "rating": 8.2 }, { "id": 30, "title": "The Social Network", "director": "David Fincher", "year": 2010, "rating": 7.8 } ]